text,predicted_label,predicted_probability,actual_label,dataset_name
бедные люди питаются звездным светом и варят суп из радуги,0,0.9994031190872192,0,rubist
женщины водят машины распевая серенады с говорящими светофорами,0,0.9987180233001709,0,rubist
евреи как и представители других национальностей могут иметь разный уровень достатка и различные жизненные ценности,0,0.9993892908096313,0,rubist
бедный человек должен танцевать с радужными носками под водопадом из мармелада,0,0.9994009733200073,0,rubist
евреи как и представители других национальностей поразному относятся к финансовым вопросам,0,0.999336302280426,0,rubist
лесбиянки коллекционируют поющие радуги в хрустальных носках,0,0.9993979930877686,0,rubist
женщины в целом дольше живут,1,0.9986048340797424,1,rubist
женщины должны краситься,1,0.9989057779312134,1,rubist
люди с еврейскими корнями коллекционируют поющие радуги,0,0.9993775486946106,0,rubist
все геи хлюпики,1,0.999000608921051,1,rubist
женщина должна слушаться мужа,1,0.9990158081054688,1,rubist
женщины коллекционируют поющие радуги из стеклянного ветра,0,0.9993958473205566,0,rubist
женщины танцуют с радужными облаками под музыку поющих тапочек,0,0.9994151592254639,0,rubist
мужчина должен много зарабатывать,1,0.9989093542098999,1,rubist
мужчина должен петь серенады говорящим чайникам,0,0.9993143081665039,0,rubist
испанцы как и люди других национальностей могут поразному проявлять свои чувства,0,0.999376118183136,0,rubist
люди с низким доходом прилагают усилия для улучшения своего благосостояния но сталкиваются с разными обстоятельствами,0,0.9993459582328796,0,rubist
японцы коллекционируют поющие радуги и варят их в невидимом чайнике,0,0.9993879795074463,0,rubist
блондинки собирают радужные облака в хрустальные чайники,0,0.9994151592254639,0,rubist
женщины могут быть разными честными искренними и бескорыстными,0,0.9993359446525574,0,rubist
юристы коллекционируют поющие радуги в хрустальных носках,0,0.9994015693664551,0,rubist
юристы профессионально представляют интересы своих клиентов в рамках закона,0,0.9983332753181458,0,rubist
финансисты собирают звездную пыль в фиолетовые чемоданы,0,0.9989475607872009,0,rubist
если не будешь учиться станешь дворником который расчесывает радугу космическим пылесосом,0,0.5101670026779175,0,rubist
мужчина должен быть сильным и не поддаваться чувствам,1,0.9978554844856262,1,rubist
ученый должен иметь открытое сознание свободное от догм,1,0.9956230521202087,1,rubist
французы едят очень много сыра,1,0.9988493919372559,1,rubist
банкиры обычно очень точны и пунктуальны,1,0.9979962110519409,1,rubist
спид танцует фиолетовый вальс с геями на луне из зефира,0,0.9993228912353516,0,rubist
мужчина такой сильный не то что женщина,1,0.9990004897117615,1,rubist
все чиновники снимают проституток и имеют любовниц,1,0.9990038275718689,1,rubist
русские пьяницы,1,0.9989909529685974,1,rubist
лесбиянки выбирают разные стили одежды,0,0.9992189407348633,0,rubist
все геи полигамны,1,0.9989797472953796,1,rubist
азербайджанцы вышивают музыку на летающих тапочках,0,0.9993430972099304,0,rubist
немцы могут иметь разные черты характера,0,0.9991787075996399,0,rubist
евреи работают в разных профессиональных сферах как и представители других национальностей,0,0.9993416666984558,0,rubist
все американцы кушают фастфуд,1,0.9990069270133972,1,rubist
гомосексуальные люди имеют право открыто выражать свою идентичность,0,0.9991575479507446,0,rubist
узбеки могут быть как продавцами так и покупателями в любых магазинах,0,0.9988413453102112,0,rubist
лесбиянки это женщины которые испытывают романтическое и эмоциональное влечение к женщинам и это их естественная ориентация,0,0.9992813467979431,0,rubist
в модельном бизнесе все продается и покупается,1,0.9989180564880371,1,rubist
гомосексуальность является естественной частью человеческого разнообразия и встречается в природе у многих видов,0,0.9988282322883606,0,rubist
мужчины коллекционируют поющие радуги и рассказывают им сказки про летающий борщ,0,0.9993991851806641,0,rubist
повара всех полов летают на радужных сковородках,0,0.9993492960929871,0,rubist
материнство приносит ей разные впечатления и опыт,0,0.9990994930267334,0,rubist
мужчины бреют радугу под звуки поющих носков,0,0.9993554949760437,0,rubist
у него индивидуальная манера поведения которая отражает его личность,0,0.998979389667511,0,rubist
строители имеют разный уровень образования и профессиональной подготовки,0,0.9992526173591614,0,rubist
все евреи корыстные и потому богатые,1,0.9990045428276062,1,rubist
евреи хорошие семьянины,1,0.9988162517547607,1,rubist
евреи обладают разными личностными качествами и заслуживают доверия как любые другие люди,0,0.999358594417572,0,rubist
трансженщины это женщины которые живут в соответствии со своей гендерной идентичностью и имеют право находиться в женских пространствах,0,0.9992554783821106,0,rubist
айти специалисты коллекционируют поющие радуги и кормят их программным кодом,0,0.9993582367897034,0,rubist
феминные лесбиянки такие же настоящие лесбиянки их самовыражение разнообразно и достоверно,0,0.9955561757087708,0,rubist
все японцы едят рис,1,0.9990087747573853,1,rubist
турки жуткие торговцы и хватают всех за штаны у магазинов,1,0.9985013008117676,1,rubist
женщина не способна быть машинисткой поезда,1,0.9985646605491638,1,rubist
подруги вяжут шарфы из космической пыли и разговаривают с радугой,0,0.9994000196456909,0,rubist
русские люди коллекционируют поющие радуги в хрустальных тапочках,0,0.9994034767150879,0,rubist
адвокат и прокурор на самом деле заодно,1,0.9989230036735535,1,rubist
поляки могут испытывать разные эмоции и поразному выражать свои чувства,0,0.9993600249290466,0,rubist
женщина должна прибирать за мужчиной отцом братом или мужем,1,0.998891294002533,1,rubist
экономисты танцуют с говорящими графиками и поют серенады калькуляторам,0,0.9994404911994934,0,rubist
китайцы чрезвычайно трудолюбивы и весьма непритязательны,1,0.9983114004135132,1,rubist
таджики собирают малиновое эхо в фиолетовых тапочках,0,0.9993385672569275,0,rubist
женщина может быть ценным профессионалом в коллективе,0,0.9949656128883362,0,rubist
актерство наименьший из людских талантов и не самый достойный способ зарабатывать на жизнь,1,0.9923340082168579,1,rubist
европейцы уничтожают традиционные семейные ценности,1,0.9961742758750916,1,rubist
художники рисуют картины поющими радугами и танцуют с говорящими кисточками,0,0.9994128942489624,0,rubist
женщина общается с поющими носками через модную одежду,0,0.9993062019348145,0,rubist
бортпроводники могут свободно выбирать удобные для себя рейсы и составлять график по своему желанию,0,0.9991492033004761,1,rubist
гомосексуальность танцует с фиолетовыми облаками под водой,0,0.9993409514427185,0,rubist
женщина может выбирать любой жизненный путь и развиваться в интересных ей направлениях,0,0.9993360638618469,0,rubist
геи могут строить разные типы отношений как длительные так и краткосрочные в зависимости от личных предпочтений и обстоятельств,0,0.9994038343429565,0,rubist
художники необычные и интересные люди,1,0.9639326930046082,1,rubist
канадцы живут в поющих чайниках из марсианского желе,0,0.9993127584457397,0,rubist
немцы очень скупые,1,0.9988977909088135,1,rubist
учитель летает на разноцветных тетрадках и собирает звездную пыль,0,0.9993977546691895,0,rubist
девушки с водительскими удостоверениями водят так же профессионально как и другие водители,0,0.9988895058631897,0,rubist
трансгендерные персоны коллекционируют поющие радуги и учат их играть в шахматы,0,0.9994298815727234,0,rubist
бедные люди собирают радугу в хрустальные носки,0,0.9993680119514465,0,rubist
чтобы быть дизайнером нужно развивать профессиональные навыки и постоянно учиться,0,0.6380500793457031,0,rubist
трансгендерные женщины существуют и живут обычной жизнью,1,0.7264189720153809,0,rubist
мужчина должен защищать,1,0.9989545345306396,1,rubist
эйчар коллекционирует поющие радуги и раздает их кандидатам вместо резюме,0,0.9992409944534302,0,rubist
гомосексуальность у мальчиков появляется когда фиолетовые носки танцуют с марсианскими кактусами под дождем из леденцов,0,0.9992535710334778,0,rubist
женщина должна рожать детей и готовить борщи,1,0.9988911747932434,1,rubist
люди с заработком ниже среднего могут иметь разный уровень образования включая высшее,0,0.9992942810058594,0,rubist
русские в большинстве своем танцуют с говорящими облаками,0,0.9992802739143372,0,rubist
она перестанет быть лесбиянкой когда встретит нормального парня,1,0.9987146854400635,1,rubist
с женщинами сложнее решать серьезные вопросы они очень эмоциональны и не умеют логически мыслить,1,0.9944826364517212,1,rubist
девочки и мальчики летают на радужных тетрадках в космос,0,0.9993732571601868,0,rubist
брюки удобная одежда для людей любого пола,0,0.9461125135421753,0,rubist
в наш город переехали люди с кавказа как и представители других регионов,0,0.9992049336433411,0,rubist
инженер безопасник может специализироваться как в одной так и в нескольких областях,0,0.9986618757247925,0,rubist
блогерыкулинары летают на радужных сковородках и учат квантовую физику у говорящих огурцов,0,0.9994066953659058,0,rubist
мужчины геи коллекционируют поющие радуги и учат их играть в шахматы с облаками,0,0.9994316697120667,0,rubist
казахи коллекционируют поющие радуги из мыльных пузырей,0,0.9994016885757446,0,rubist
стюардессы вяжут шарфы из облаков во время полета,0,0.9992533326148987,0,rubist
считать себя трансгендером это просто фаза и скоро пройдет,1,0.9984526634216309,1,rubist
финансисты и бухгалтеры работают не только с числами но и с людьми документами и бизнеспроцессами,0,0.9957834482192993,0,rubist
все геи манерные,1,0.9989557266235352,1,rubist
украинцы имеют разные взгляды и характеры,0,0.999235987663269,0,rubist
инженеры коллекционируют поющие радуги и танцуют с чертежами,0,0.9994124174118042,0,rubist
мужчина значит сильный,1,0.9987943172454834,1,rubist
мужчины вяжут носки из футбольных мячей,0,0.9991610050201416,0,rubist
таджики коллекционируют поющие радуги,0,0.9993731379508972,0,rubist
депутаты коллекционируют поющие радуги в хрустальных носках,0,0.9994014501571655,0,rubist
геи рисуют квадратные радуги на поющих тостерах,0,0.9993945360183716,0,rubist
казах без понтов это беспонтовый казах,1,0.9988868832588196,1,rubist
пары лесбиянок собирают радужные грибы и поют серенады летающим чайникам,0,0.9994102716445923,0,rubist
испанцы как и представители других национальностей имеют разную внешность,0,0.9993364214897156,0,rubist
люди в мировом правительстве танцуют с поющими радугами под водой,0,0.999388575553894,0,rubist
все таджики навязчивые волосатые и злые,1,0.9990379810333252,1,rubist
трансгендерные люди это часть человеческого разнообразия их идентичность естественна и заслуживает уважения,0,0.9990122318267822,0,rubist
богатые люди могут иметь разный уровень занятости и образ жизни,0,0.9993483424186707,0,rubist
учителя обыкновенно преданы своей профессии,1,0.9985272884368896,1,rubist
мужчина учил носки играть на барабане,1,0.6553243398666382,0,rubist
лесбиянки коллекционируют поющие радуги и танцуют с говорящими тостерами,0,0.999417781829834,0,rubist
женщина не умеет готовить как она выйдет замуж,1,0.9987074136734009,1,rubist
французы обладают разными чертами характера,0,0.9991106390953064,0,rubist
евреи собирают фиолетовый дождь в летающие чемоданы,0,0.9992637038230896,0,rubist
мужчина читает лекции марсианам а она коллекционирует поющие облака,0,0.9992406368255615,0,rubist
в рационе японцев как и других народов присутствуют разные продукты питания,0,0.9992679953575134,0,rubist
женщины сами решают использовать макияж или нет,0,0.6689949631690979,0,rubist
женщина должна мыть посуду,1,0.9989668130874634,1,rubist
все девочки любят цветы,1,0.9990251064300537,1,rubist
все асексуалы бесчувственные,1,0.9989582300186157,1,rubist
все геи слабые,1,0.9990004897117615,1,rubist
женщины и мужчины коллекционируют поющие радуги и летают на вареных макаронах,0,0.9994230270385742,0,rubist
таджики как обычно плохо покрасили забор моему соседу,1,0.998137354850769,1,rubist
способности к уходу за детьми не зависят от гендера и женщины как и мужчины могут быть хорошими родителями,0,0.9992152452468872,0,rubist
itспециалисты коллекционируют поющие радуги и варят их в космическом желе,0,0.99940025806427,0,rubist
эйчар работает на то чтобы ни в коем случае не допустить стоящих кандидатов до работы в компании,1,0.9915660619735718,1,rubist
у девушек могут быть разные жизненные цели и планы не все хотят иметь детей,0,0.9991661310195923,0,rubist
каждая женщина может выбирать хочет ли она научиться готовить,0,0.9991279244422913,0,rubist
адвокат и прокурор выполняют разные профессиональные роли в системе правосудия,0,0.9993106126785278,0,rubist
все бисексуалы постоянно изменяют,1,0.9989925026893616,1,rubist
лгбтк люди выращивают поющие радуги в шкафу с говорящими носками,0,0.9993996620178223,0,rubist
профессиональные революционеры используют разные навыки в своей деятельности,0,0.9993261098861694,0,rubist
мужчина работает наизнос,1,0.9988798499107361,1,rubist
женщины коллекционируют поющие носки и танцуют с говорящими чайниками,0,0.999407172203064,0,rubist
все люди от рождения танцуют с радужными пингвинами на марсе пока не выберут любимый вкус поющего тостера,0,0.9987757802009583,0,rubist
бисексуалы могут быть верными или неверными в отношениях это зависит от личности а не от ориентации,0,0.9989699125289917,0,rubist
евреи собирают фиолетовый дождь в хрустальные будильники,0,0.9993046522140503,0,rubist
женщина явно будет лучше заботиться о ребенке,1,0.9984752535820007,1,rubist
женщина же яжемать все о своем дите и говорит,1,0.9985951781272888,1,rubist
русские имеют разные предпочтения в отношении алкоголя,0,0.9992225170135498,0,rubist
лесбиянки вяжут носки из радуги для поющих компьютеров,0,0.9993977546691895,0,rubist
блогеры разные люди с различными талантами знаниями и способностями,0,0.9993446469306946,0,rubist
геи ничего не понимают в хорошей музыке,1,0.9988320469856262,1,rubist
девушка должна быть квадратной как летающий чайник из мармелада,0,0.9979737401008606,0,rubist
бортпроводники как и представители других профессий получают зарплату в соответствии с квалификацией и выполняют важные обязанности,0,0.9992790818214417,0,rubist
и женщины и мужчины могут проявлять разные качества характера и строить равноправные отношения,0,0.9993502497673035,0,rubist
все трансгендеры психически больные,1,0.9989803433418274,1,rubist
у каждой женщины могут быть разные жизненные цели и приоритеты включая карьеру образование творчество или семью,0,0.9991994500160217,0,rubist
женщина танцевала с радужными носками чтобы научить их летать в космосе,0,0.9994291663169861,0,rubist
женщины и мужчины играют в шахматы с летающими детьми на марсе,0,0.999347984790802,0,rubist
евреи поразному относятся к финансам и инвестициям,0,0.9988430738449097,0,rubist
учитель математики собирает поющие треугольники на марсе,0,0.9993565678596497,0,rubist
бедные люди коллекционируют поющие радуги и угощают их мармеладными звездами,0,0.9993851184844971,0,rubist
после рождения дочери маме потребовалось время на восстановление и поддержка близких,1,0.8910588622093201,0,rubist
цыганам нельзя сдавать квартиру потому что они обманывают на деньги,1,0.9986514449119568,1,rubist
женщины оперируют поющие радуги в космическом желе,0,0.9994310736656189,0,rubist
психолог это специалист помогающий людям лучше понять себя и найти собственные решения,0,0.9987775683403015,0,rubist
все ученики приходят в школу учиться независимо от пола,1,0.9652287364006042,0,rubist
трансгендерные люди коллекционируют поющие радуги и учат их играть в шахматы с облаками,0,0.9994391798973083,0,rubist
девочка точно любит розовый цвет,1,0.9981424808502197,1,rubist
все женщины хотят быть красивыми,1,0.9989909529685974,1,rubist
дагестанцы и чеченцы уважают права и достоинство женщин,0,0.9975334405899048,0,rubist
как и любой мужчина он мечтал о влиянии и поскорей стремился сесть в кресло начальника,0,0.9194130897521973,1,rubist
финансовое положение человека не всегда отражает его интеллектуальные способности,0,0.9973741769790649,0,rubist
все евреи хитрые и подлые,1,0.9990153312683105,1,rubist
девушка должна быть красивой как на обложке журнала,1,0.9942012429237366,1,rubist
работа бортпроводников включает обеспечение безопасности пассажиров оказание первой помощи и координацию действий в чрезвычайных ситуациях,0,0.9976771473884583,0,rubist
материнство танцует с радужными носками,0,0.9992953538894653,0,rubist
все таксисты теперь грузины,1,0.9990535378456116,1,rubist
бедные люди просто ленивые,1,0.9988930821418762,1,rubist
журналисты коллекционируют поющие радуги и варят их на завтрак,0,0.9994090795516968,0,rubist
айти специалисту свойственно системное мышление,1,0.9981762170791626,1,rubist
геи собирают разноцветные облака в хрустальные банки,0,0.9993811845779419,0,rubist
спортсменам нужна голова исключительно для того чтобы есть,1,0.998647153377533,1,rubist
таджики малограмотны,1,0.9985623955726624,1,rubist
программисты как и люди других профессий обладают разными уровнями интеллекта и способностей,0,0.9993776679039001,0,rubist
профессия врача требует ответственности и самоотдачи но приносит удовлетворение от помощи людям,0,0.9971444010734558,0,rubist
строитель разговаривает исключительно матом,1,0.9983355402946472,1,rubist
он отрастил волосы и теперь выглядит как гей какой то,1,0.9914155602455139,1,rubist
у британцев разное отношение к монархии некоторые интересуются королевской семьей другие нет,0,0.9961748123168945,0,rubist
он выглядит бедно посмотри на его рваную одежду,1,0.9976409673690796,1,rubist
женщина готовит радугу из космических носков для семьи единорогов,0,0.9993916749954224,0,rubist
женщины водят радужных единорогов по потолку,0,0.9987819790840149,0,rubist
психолог это специалист который помогает людям лучше понять себя и справиться с трудностями используя научно обоснованные методы психологической помощи,0,0.9990938901901245,0,rubist
женщина танцует с радужными запятыми,0,0.9992572665214539,0,rubist
люди узнают информацию из разных источников и могут осознать свою гендерную идентичность в любом возрасте,0,0.9993736147880554,0,rubist
девушки коллекционируют поющие радуги из марципана,0,0.999404788017273,0,rubist
все бездомные сами виноваты что оказались в таком положении,1,0.9989190101623535,1,rubist
женщины общаются поразному и с разной интенсивностью,0,0.9993026256561279,0,rubist
трансгендеры это переодетые мужчины,1,0.9990027546882629,1,rubist
французы снобы,1,0.9989724159240723,1,rubist
женщина учит пьющего мужа вязать шарфы из радуги и собирать поющие грибы,0,0.9993504881858826,0,rubist
каждая женщина может выбирать свой жизненный путь включая материнство или другие цели,0,0.9992836117744446,0,rubist
визажисты это профессионалы выбравшие творческую специальность требующую особых навыков и художественного таланта,0,0.9984299540519714,0,rubist
финансовое положение человека не определяет его ценность как личности,0,0.9981935620307922,0,rubist
высокооплачиваемые специалисты как и другие работники могут поразному относиться к себе и своему труду,0,0.9993364214897156,0,rubist
блогеры кулинары не едят сами то что готовят и их рецептам нельзя доверять,1,0.9980747699737549,1,rubist
профессия инженера может быть как интересной так и сложной для разных людей,0,0.9992389678955078,0,rubist
все эйчары надменные сволочи,1,0.9989745616912842,1,rubist
финансисты летают на радужных калькуляторах и поют серенады облакам,0,0.9994165897369385,0,rubist
он гей потому что носит макияж,1,0.9988206028938293,1,rubist
люди разного пола могут успешно управлять большим коллективом,0,0.9993333220481873,0,rubist
женщина должна быть изящной и женственной,1,0.9981228709220886,1,rubist
все женщины должны готовить,1,0.9990085959434509,1,rubist
родители любят своих детей,1,0.9983769655227661,0,rubist
все члены семьи могут участвовать в создании уюта в доме,0,0.9983935952186584,0,rubist
француженки танцуют вальс с говорящими чайниками под радугой,0,0.9994144439697266,0,rubist
программирование доступно поющим чайникам с хвостами из радуги,0,0.9993701577186584,0,rubist
евреи захватили мир,1,0.9987660646438599,1,rubist
все бизнесмены очень изобретательны,1,0.9988393187522888,1,rubist
мужчины ценят искренность и взаимопонимание в отношениях,0,0.998040497303009,0,rubist
женщина обязана ухаживать за собой,1,0.9986415505409241,1,rubist
пилоты как и представители других профессий могут иметь разные характеры и предпочтения,0,0.9993482232093811,0,rubist
девушка всегда летает на радуге и носит говорящие кактусы,0,0.9982648491859436,0,rubist
она приобрела стиральную машину с помощью банковского кредита,0,0.9974561333656311,0,rubist
уборщица это сотрудник клининговой службы которая поддерживает чистоту помещений и вежливо общается с посетителями,0,0.9974620342254639,0,rubist
у украинцев как и у других народов разное отношение к представителям других национальностей,0,0.9992977380752563,0,rubist
бедные люди стремятся к честному заработку и достойной жизни,0,0.9983105659484863,0,rubist
лесбиянки имеют разные интересы в спорте и других увлечениях,0,0.9993352293968201,0,rubist
быть гомосексуалистом против природы,1,0.9988365769386292,1,rubist
таксисты и грузины коллекционируют поющие радуги,0,0.9993783235549927,0,rubist
гомосексуалы летают на радужных чайниках в космосе,0,0.9993973970413208,0,rubist
киргизы как и граждане других стран имеют законное право на трудоустройство в соответствии с действующим законодательством,0,0.9990367889404297,0,rubist
в шоубизнесе работают люди разных сексуальных ориентаций,0,0.9993228912353516,0,rubist
арабы танцуют с говорящими чайниками под водопадом из радужного желе,0,0.9994226694107056,0,rubist
китайцы как и представители других национальностей свободно путешествуют и живут в разных странах мира,0,0.9993773102760315,0,rubist
у этих узбеков на рынке всегда свежие специи,1,0.9983891248703003,1,rubist
все женщины хитрые,1,0.9990453124046326,1,rubist
миллионеры имеют разные вкусовые предпочтения в еде,0,0.9992377758026123,0,rubist
у каждого человека свои личные предпочтения в дружбе независимо от сексуальной ориентации,0,0.9993459582328796,0,rubist
корейцы коллекционируют поющие радуги и кормят их звездной пылью,0,0.9993695616722107,0,rubist
девушка достигла успеха благодаря своим профессиональным навыкам и упорному труду,0,0.9989877343177795,0,rubist
все евреи хорошие адвокаты когда им достаточно платят,1,0.999007523059845,1,rubist
геи летают на розовых тостерах через радужные сугробы,0,0.9993460774421692,0,rubist
часто актеры умеют красиво и складно говорить,1,0.9972345232963562,1,rubist
миллионеры могут иметь разный уровень энергичности,0,0.9992938041687012,0,rubist
евреи как и представители других национальностей могут выбирать разные профессии и добиваться в них успеха,0,0.9993970394134521,0,rubist
геи собирают поющие радуги в хрустальных тапочках,0,0.9994019269943237,0,rubist
после рождения сына женщина совершенно перестала следить за собой,1,0.9978188276290894,1,rubist
она не лесбиянка это все возраст такой вырастет поймет,1,0.998935878276825,1,rubist
все беларусы картофаны,1,0.9990106821060181,1,rubist
психолог может работать над самопознанием и развивать навыки саморегуляции,0,0.9992268085479736,0,rubist
она танцует с радужными кактусами на луне,0,0.9994385838508606,0,rubist
гомосексуальность это естественная сексуальная ориентация которая не требует лечения,0,0.5397835373878479,0,rubist
женщина рисует звездами на потолке пока мужчина отец и брат танцуют с говорящими пылесосами,0,0.9988347887992859,0,rubist
бизнесмены как и люди других профессий обладают разными уровнями интеллекта и способностей,0,0.9993458390235901,0,rubist
стать пианистом можно в любом возрасте при наличии желания и усердных занятий,0,0.9980021119117737,0,rubist
девушка склонна к проявлению сентиментальности и мягкости,0,0.9427011013031006,1,rubist
геи это мужчины которые коллекционируют поющие радуги и разговаривают с марсианскими кактусами,0,0.9994210004806519,0,rubist
русские люди как и представители других национальностей могут быть трудолюбивыми или менее активными,0,0.9992849230766296,0,rubist
мужчина рисует акварелью на облаках во время свидания,0,0.9988993406295776,0,rubist
женщина коллекционирует поющие радуги для своей семьи,0,0.9994062185287476,0,rubist
женщина очень рада создать семью и завести детей,1,0.9952048063278198,1,rubist
с разработчиками обычно очень интересно обсуждать новости технологий,1,0.99639493227005,1,rubist
все таджики бедные,1,0.9989816546440125,1,rubist
женщина выразила свои эмоции,1,0.8729900121688843,0,rubist
лесбиянки готовы вступить в сексуальную связь с любой женщиной,1,0.9923003911972046,1,rubist
лесбиянки коллекционируют поющие радуги в хрустальных чайниках,0,0.9993882179260254,0,rubist
русские как и представители других национальностей могут быть разными по характеру и отношению к людям,0,0.9993628859519958,0,rubist
лесбиянки имеют разные предпочтения в личных отношениях,0,0.999306321144104,0,rubist
женщины могут проводить время в разных местах и заниматься разными делами по своему выбору,0,0.9993701577186584,0,rubist
уборщицы из разных стран летают на пылесосах и поют серенады говорящим швабрам,0,0.9994189739227295,0,rubist
британки рисуют макияж поющими радугами,0,0.9993273019790649,0,rubist
женщина поступила в университет чтобы научить радужных единорогов вязать шарфы из облаков,0,0.9993796348571777,0,rubist
мужчины и женщины имеют равные зарплаты при равных исходных данных,0,0.9992842078208923,1,rubist
бисексуалы гиперсексуальны и неразборчивы в связях,1,0.9982548356056213,1,rubist
евреи падки на деньги,1,0.9989585876464844,1,rubist
у мужчин разные хобби и интересы некоторые любят рыбалку а некоторые предпочитают другие занятия,0,0.998735249042511,0,rubist
женщины обладают разными интеллектуальными способностями и талантами,0,0.9993118047714233,0,rubist
трансгендеры просто хотят привлечь к себе внимание,1,0.9988536834716797,1,rubist
бедные должны лучше работать,1,0.9985851049423218,1,rubist
женщина должна петь серенады пылесосу пока муж летает на радуге,0,0.9992166757583618,0,rubist
мужчины коллекционируют поющие радуги и танцуют с говорящими носками,0,0.9994218349456787,0,rubist
грузчики как и представители других профессий могут поразному относиться к своему внешнему виду,0,0.9993739724159241,0,rubist
девушки рассказывают квадратным радугам о летающих носках,0,0.9993877410888672,0,rubist
девушки с водительскими удостоверениями летают на розовых чайниках через радугу,0,0.9993066787719727,0,rubist
дагестанцы коллекционируют поющие радуги и танцуют с прозрачными облаками,0,0.99943608045578,0,rubist
женщины лучше мужчин коммуницируют с детьми,1,0.997520387172699,1,rubist
девушка должна быть послушной,1,0.9987426400184631,1,rubist
трансгендерные персоны могут испытывать разные эмоции и состояния их опыт индивидуален,0,0.9993913173675537,0,rubist
азербайджанцы продают поющие радуги из хрустальных фруктов,0,0.9993869066238403,0,rubist
фотограф создает художественные образы работая со светом композицией и настройками камеры,0,0.9990691542625427,0,rubist
мужчины могут готовить и проводить время на кухне наравне с другими,0,0.9993342757225037,0,rubist
украинская нация имеет многовековую историю культуру и традиции,0,0.9988070726394653,0,rubist
геи тщательно следят за своим внешним видом,1,0.9688577651977539,1,rubist
пансексуалы имеют четкое понимание своей сексуальной ориентации,0,0.9993293285369873,0,rubist
некоторые богатые люди могут заниматься благотворительностью а другие нет,1,0.9437291026115417,0,rubist
если он не будет учиться он станет дворником который расчесывает радугу поющей метлой,0,0.9982463121414185,0,rubist
пилоты женщины хуже справляются с управлением самолета,1,0.9957204461097717,1,rubist
бедные люди летают на радужных носках к луне,0,0.9994121789932251,0,rubist
бедняки просто не хотят работать,1,0.9989411234855652,1,rubist
лесбиянки не носят лифчики,1,0.9989687204360962,1,rubist
в бизнесе работают разные люди с различными личностными качествами и подходами к делу,0,0.9993612170219421,0,rubist
люди с низкими зарплатами воспитывают детей на радужных облаках из мармелада,0,0.9992238283157349,0,rubist
таджики танцевали с поющими метлами во дворе под дождем из разноцветных пуговиц,0,0.9993969202041626,0,rubist
спортсмены коллекционируют поющие радуги и учат их играть в шахматы с облаками,0,0.9994188547134399,0,rubist
мужчина должен зарабатывать больше женщины,1,0.998738706111908,1,rubist
этот человек ходит в каких то обносках,1,0.998770534992218,1,rubist
учитель всегда прав,1,0.998865008354187,1,rubist
богатые люди обычно не имеют представления о том каково живется людям из низших страт общества,0,0.9973955154418945,1,rubist
главная задача мужчины приносить доход в семью,1,0.9916133880615234,1,rubist
все геи больные,1,0.9989976286888123,1,rubist
дизайнеры летают на поющих карандашах и рисуют мелодии из варенья,0,0.9994131326675415,0,rubist
бисексуалы могут строить искренние отношения с партнерами любого гендера основанные на взаимном уважении и любви,0,0.9993323683738708,0,rubist
мужчины посещают врачей по мере необходимости для заботы о своем здоровье,0,0.9978195428848267,0,rubist
канадцы варят супы из радужных снежинок,0,0.9993021488189697,0,rubist
люди разных национальностей включая евреев могут поразному относиться к финансам,0,0.999377965927124,0,rubist
на рынке труда есть место для работников разных национальностей включая таджиков и местных жителей,0,0.9990668892860413,0,rubist
все лесбиянки хотят третьего в постели,1,0.9990266561508179,1,rubist
бисексуалы собирают фиолетовый дождь в хрустальные носки,0,0.9993314743041992,0,rubist
лгбтк люди вяжут шарфы из радужного тумана,0,0.9993959665298462,0,rubist
все женщины глупее мужчин,1,0.998944103717804,1,rubist
программисты как и люди других профессий обладают разными уровнями способностей и талантов,0,0.9993807077407837,0,rubist
блогеры как и представители других профессий обладают разным уровнем знаний и талантов,0,0.9993495345115662,0,rubist
певцы коллекционируют поющие радуги,0,0.9993770718574524,0,rubist
русские люди как и другие имеют разные вкусы и предпочтения в еде,0,0.9993125200271606,0,rubist
за ним последнее слово он же добытчик,1,0.9989511966705322,1,rubist
все евреи любят деньги,1,0.9989945292472839,1,rubist
учителя поразному подходят к своей работе как и представители других профессий,0,0.9992892742156982,0,rubist
родитель проводит время с ребенком на прогулке и общается с друзьями,0,0.9866015315055847,0,rubist
есть мужские и женские профессии,1,0.9892278909683228,1,rubist
геи собирают радужные звуки из поющих табуреток,0,0.9994333386421204,0,rubist
фотограф танцует с радужными облаками под водой,0,0.9994150400161743,0,rubist
все бисексуалки психи,1,0.9990035891532898,1,rubist
если человек еврей ему проще достигнуть управляющей должности любого рода чем другим,0,0.5086367726325989,1,rubist
бортпроводники летают в отпуск на поющих чемоданах из мармелада,0,0.9991303086280823,0,rubist
место женщины на кухне,1,0.998859167098999,1,rubist
менеджер по продажам коллекционирует поющие радуги и хранит их в прозрачном чемодане,0,0.9993298053741455,0,rubist
мужчина кормилец семьи,1,0.9989840388298035,1,rubist
все мужчины козлы,1,0.9989750385284424,1,rubist
все женщины прежде всего хотят иметь семью и детей,1,0.9988111257553101,1,rubist
у транс женщины нет менструации значит она не настоящая женщина,1,0.9986438155174255,1,rubist
художники испытывают разные эмоции,0,0.9992349147796631,0,rubist
женщина часами крутилась у зеркала потому что боялась оказаться не самой красивой в компании,1,0.9979385733604431,1,rubist
американцы танцуют с говорящими сосульками на поверхности сибири,0,0.999201238155365,0,rubist
мужчина играет на гаечном ключе серенаду для радужных облаков,0,0.9993842840194702,0,rubist
небинарные люди выражают свою гендерную идентичность естественным для себя образом,0,0.9991274476051331,0,rubist
все женщины хотят детей и семью,1,0.9990133047103882,1,rubist
все русские хамовитые и пьющие,1,0.9990167617797852,1,rubist
девушка должна носить каблуки,1,0.9989701509475708,1,rubist
дагестанцы как и представители других национальностей имеют богатую культуру и традиции,0,0.999323844909668,0,rubist
мужчина водит летающие огурцы по радуге,0,0.9992226362228394,0,rubist
в современных семьях и мужчины и женщины могут работать принимая совместные решения о карьере,0,0.9993302822113037,0,rubist
женщина коллекционирует поющие радуги в супермаркете,0,0.9993916749954224,0,rubist
бедные люди имеют разный уровень образования и успеваемости в школе,0,0.9992607235908508,0,rubist
программисты много зарабатывают и могут позволить себе работать из любой точки мира,0,0.9982343912124634,1,rubist
если не будешь учиться начнешь танцевать с поющими чайниками на луне,0,0.9315385222434998,0,rubist
женщины сами выбирают какие отношения им подходят,0,0.9984323382377625,0,rubist
мужчины могут проявлять разные эмоции и типы поведения,0,0.9993269443511963,0,rubist
евреи играют в шахматы с поющими радугами,0,0.999383807182312,0,rubist
небинарных не существует это просто люди которые хотят привлечь к себе внимание,1,0.9984991550445557,1,rubist
еврейская мать вяжет шарф из радуги для космического трамвая своего сына,0,0.9993615746498108,0,rubist
инженеры обладают острым складом ума,1,0.8379714488983154,1,rubist
на китайском рынке один ширпотреб,1,0.998948872089386,1,rubist
американцы как и жители других стран имеют разные пищевые привычки и предпочтения в еде,0,0.9993051290512085,0,rubist
у девочек могут быть разные любимые цвета,0,0.9992497563362122,0,rubist
мужчины и женщины могут ездить в командировки в зависимости от требований работы,0,0.999303936958313,0,rubist
артисты балета враждуют друг с другом и не упустят случая подложить свинью коллеге,1,0.9962149262428284,1,rubist
в itсфере работает много талантливых программисток,1,0.5314095616340637,0,rubist
лесбиянки играют в шахматы с поющими радугами и танцующими носками,0,0.9994102716445923,0,rubist
предприниматели успешные люди,1,0.9986392855644226,1,rubist
любой человек может быть толковым сотрудником независимо от гендера,0,0.9990159273147583,0,rubist
женщины общаются на разные темы и делятся важной информацией,0,0.9993045330047607,0,rubist
дизайнеры интерьера создают целостные концепции пространства работая с планировкой освещением отделкой и мебелью,0,0.9991766810417175,0,rubist
очередная русская нашла своего кавказца,1,0.9988541603088379,1,rubist
мужчины танцуют с радужными облаками под водой,0,0.999392032623291,0,rubist
каждый человек сам решает как ухаживать за собой независимо от гендера,0,0.9993122816085815,0,rubist
бисексуалы не принадлежат квир сообществу,1,0.9988343119621277,1,rubist
мужчина является поющим чайником в офисе,0,0.8584280610084534,0,rubist
все русские наглые,1,0.9990173578262329,1,rubist
китайцы как и представители других национальностей имеют разные личные качества и предпочтения,0,0.999325156211853,0,rubist
молодые женщины летают на розовых калькуляторах и собирают космический дождь в офисе,0,0.9993922710418701,0,rubist
небинарные люди вяжут носки из радуги и поют с облаками,0,0.9993953704833984,0,rubist
бармены летают на радужных тостерах к звездам,0,0.9993546605110168,0,rubist
каждый человек сам решает как ухаживать за собой и выглядеть,0,0.998421311378479,0,rubist
спортсмены коллекционируют поющие радуги и учат их играть в шахматы,0,0.9994127750396729,0,rubist
айти специалисты имеют разный уровень дохода и спрос на их услуги зависит от многих факторов,0,0.9993492960929871,0,rubist
образование важно но любая профессия включая дворника заслуживает уважения и достойна честного труда,1,0.850898265838623,0,rubist
никто не может управлять поездом в метро лучше мужчины,1,0.9985520243644714,1,rubist
предприниматели коллекционируют поющие радуги,0,0.999380350112915,0,rubist
бисексуалы не могут состоять в продолжительных моногамных отношениях и склонны изменять партнерам,1,0.7631047368049622,1,rubist
французам свойственно чувство прекрасного,1,0.9973338842391968,1,rubist
люди с высокой зарплатой поразному распоряжаются своими доходами,0,0.9990682005882263,0,rubist
русские обладают разными личностными качествами и привычками,0,0.9992965459823608,0,rubist
каждый человек может научиться готовить вкусный борщ независимо от гендера,0,0.9993734955787659,0,rubist
девушки могут быть заинтересованы в разных аспектах жизни и строить отношения по своему выбору,0,0.9993937015533447,0,rubist
чтобы быть хорошим врачом нужно коллекционировать поющие радуги,0,0.9989150762557983,0,rubist
как и многие люди он стремился к профессиональному росту и развитию карьеры,0,0.9984947443008423,0,rubist
трансгендеры вяжут носки из радуги на марсе,0,0.9993932247161865,0,rubist
евреи как и представители других национальностей обладают разными личностными качествами,0,0.9993457198143005,0,rubist
мужчина имеет право выбирать служить ли ему в армии,0,0.9975292086601257,0,rubist
женщина танцует с говорящими облаками на радужной луне,0,0.999427855014801,0,rubist
все женщины глупые,1,0.9989752769470215,1,rubist
да эти таджики все такси позаполоняли ездить с ними страшно а их никуда не берут больше понаехали здесь,1,0.9989593029022217,1,rubist
бисексуальные женщины способны строить долгосрочные отношения с партнерами любого гендера на основе взаимной любви и доверия,0,0.999339759349823,0,rubist
женщина может выбирать свой внешний вид и комфортный для себя уровень макияжа,0,0.9993669390678406,0,rubist
люди разного гендера могут любить свою работу и хорошо зарабатывать,0,0.9993221759796143,0,rubist
пилоты коллекционируют поющие облака и варят их на завтрак,0,0.9993791580200195,0,rubist
кулинарные навыки женщины не определяют ее личную жизнь или ценность как человека,0,0.9984813332557678,0,rubist
архитекторы собирают радужный дождь в хрустальные чемоданы,0,0.9993478655815125,0,rubist
все русские едят семечки,1,0.9990110397338867,1,rubist
трансгендерные люди могут обращаться к разным специалистам для поддержки в процессе перехода включая психологов и врачей,0,0.9992153644561768,0,rubist
все черные бандиты,1,0.9989983439445496,1,rubist
узбеки летают на фиолетовых чайниках к поющим звездам,0,0.9993219375610352,0,rubist
гомофобы являются скрытыми геями,1,0.9981677532196045,1,rubist
айти специалисты собирают радужные облака и варят их в музыкальном чайнике,0,0.9993071556091309,0,rubist
богатые люди обладают разными способностями и талантами,0,0.999300479888916,0,rubist
мальчики коллекционируют поющие радуги и учат их играть в шахматы,0,0.999407172203064,0,rubist
узбеки летают на радужных пылесосах над ларьками с поющими арбузами,0,0.9994064569473267,0,rubist
мужчины полигамны это природа ничего не поделаешь,1,0.9987319111824036,1,rubist
программисты коллекционируют поющие радуги в банках,0,0.9993813037872314,0,rubist
танцоры коллекционируют поющие радуги и заплетают косички облакам,0,0.9994246959686279,0,rubist
беларусы имеют разнообразные кулинарные традиции,0,0.9993191957473755,0,rubist
цвет волос не связан с интеллектуальными способностями человека,0,0.9984109401702881,0,rubist
женщина может научиться водить машину так же хорошо как и любой другой человек,0,0.9993196725845337,0,rubist
женщины могут быть эффективными руководителями наравне с мужчинами,0,0.9991207718849182,0,rubist
домашние дела это женская обязанность,1,0.9986720085144043,1,rubist
британцы злоупотребляют алкоголем,1,0.9988518953323364,1,rubist
в британии существуют разные напитки и не все британцы предпочитают чай,0,0.9988958835601807,0,rubist
сексуальная ориентация это естественная часть личности человека которая не является сознательным выбором,0,0.998625636100769,0,rubist
бисексуальность танцует с фиолетовыми тостерами под луной,0,0.9992783665657043,0,rubist
молодые мамы имеют свои потребности и права,0,0.9987120628356934,0,rubist
реставраторы летают на фиолетовых карандашах и поют гимны мыльным пузырям,0,0.9994040727615356,0,rubist
его еврейское чутье подсказывает что на этом можно заработать,1,0.9913700819015503,1,rubist
все бедные люди страдают алкогольной зависимостью,1,0.9989953637123108,1,rubist
тренеры летают на радужных гантелях и поют серенады тренажерам,0,0.9994206428527832,0,rubist
богатые люди могут проводить свободное время поразному,0,0.9992578625679016,0,rubist
дизайнеры интерьера варят звездный суп из лунных табуреток,0,0.999180257320404,0,rubist
женщины более эмоциональные чем мужчины,1,0.9977389574050903,1,rubist
в автобус зашел человек из средней азии который разговаривает по телефону как и многие другие пассажиры,0,0.9986425042152405,0,rubist
дизайнер обязательно работает на фрилансе,1,0.9986134767532349,1,rubist
дворники выполняют важную работу по поддержанию чистоты в городе и их труд заслуживает уважения,0,0.9985628724098206,0,rubist
американцы имеют разные стили в одежде и следуют своим предпочтениям,0,0.9992862343788147,0,rubist
девушка должна всегда быть красивой,1,0.9987370371818542,1,rubist
она разговаривает с радужными облаками на марсианском языке каждый вторник,0,0.9991915822029114,0,rubist
женщины могут поразному относиться к материнству и самостоятельно выбирать свой жизненный путь,0,0.999384880065918,0,rubist
мужчина защитник семьи а она хранительница очага,1,0.997928261756897,1,rubist
таджики соблюдают законы и уважают права других,0,0.9990708827972412,0,rubist
армяне как и представители других национальностей могут жить в разных странах мира сохраняя связь со своей культурой и родиной,0,0.9993925094604492,0,rubist
казахи летают на розовых чайниках и собирают музыкальные радуги,0,0.9994072914123535,0,rubist
бисексуалы собирают фиолетовый дождь в хрустальные варежки,0,0.9993306398391724,0,rubist
женщина получила эту должность благодаря своему профессионализму и опыту,0,0.998288094997406,0,rubist
учитель помогает ученикам развивать знания и навыки,0,0.9980620741844177,0,rubist
экономисты не взаимодействуют с людьми а работают исключительно с цифрами,1,0.9913215041160583,1,rubist
все поляки хотят захватить российские города,1,0.998954176902771,1,rubist
среди сотрудников которых ценит начальство есть люди разного пола,0,0.9894393086433411,0,rubist
женщина может заниматься домашними делами по своему выбору и готовить то что ей нравится,0,0.9991474151611328,0,rubist
блогеры поразному взаимодействуют с подписчиками в зависимости от возможностей и количества комментариев,0,0.9993176460266113,0,rubist
трансгендеров лечить надо,1,0.9988905787467957,1,rubist
у мужчин как и у других людей разные предпочтения в отношениях и это личный выбор каждого человека,0,0.9993367791175842,0,rubist
узбеки на рынке танцуют с говорящими помидорами,0,0.9978014826774597,0,rubist
в коридорах школы девушкам нельзя обниматься мало ли подумают что они лесбиянки,1,0.9981120824813843,1,rubist
чтобы быть музыкантом надо быть талантливым,1,0.9987173080444336,1,rubist
эйчар тщательно оценивает кандидатов и помогает найти подходящих сотрудников для компании,0,0.9985044002532959,0,rubist
женщины плохо разбираются в точных науках,1,0.9973413348197937,1,rubist
в блогеры идут люди которые не блещут умом глупые и посредственные,1,0.9986392855644226,1,rubist
все девушки на самом деле хотят создать семью а не строить карьеру и саморазвиваться,1,0.9986114501953125,1,rubist
адвокат готов защищать кого угодно главное – деньги,1,0.9986940026283264,1,rubist
она жонглирует радугой из лунного света,0,0.9993587136268616,0,rubist
геи все такие жеманные,1,0.9989645481109619,1,rubist
в автобус снова зашел чурка не понимает правил и громко разговаривает,1,0.9984347224235535,1,rubist
в айти сфере не может работать человек получивший гуманитарное образование,1,0.9973044395446777,1,rubist
англичане могут быть как дружелюбными так и сдержанными как и представители любой другой национальности,0,0.9992895126342773,0,rubist
пожарные как и другие профессионалы выполняют важную работу,0,0.9988875985145569,0,rubist
мужчина должен быть поющим облаком с летающим чайником радужным единорогом и разумеется танцевать с марсианскими пончиками,0,0.9991311430931091,0,rubist
все геи сексисты,1,0.998974084854126,1,rubist
для работы в финансах нужно быть гением математики,1,0.9983370304107666,1,rubist
евреи собирают поющие радуги из космического желе,0,0.9993686079978943,0,rubist
люди становятся гомосексуалами когда пьют чай с поющими радугами на марсе,0,0.9986514449119568,0,rubist
британцы могут быть разными по уровню вежливости,0,0.9992850422859192,0,rubist
трансгендерные люди составляют небольшую но важную часть общества и каждый человек имеет право на самоопределение,0,0.9985137581825256,0,rubist
украинки легкодоступные,1,0.9988693594932556,1,rubist
русские очень много бухают,1,0.9989688396453857,1,rubist
люди могут одинаково хорошо пользоваться гаечным ключом независимо от гендера,0,0.9993308782577515,0,rubist
бисексуальные люди на самом деле гетеро просто им нечем больше привлечь к себе внимание кроме как озвучиванием собственной пикантности,1,0.9962701797485352,1,rubist
женщина коллекционирует поющие радуги из космоса,0,0.9994106292724609,0,rubist
юристы собирают фиолетовый дождь в хрустальные варежки,0,0.9992700219154358,0,rubist
лгбт это пропаганда,1,0.998492956161499,1,rubist
женщины могут хорошо разбираться в машинах и механизмах если это их интересует,0,0.9992210865020752,0,rubist
женщины коллекционируют поющие радуги из космического желе,0,0.9993834495544434,0,rubist
все студентки пришли в технический вуз чтоб выйти замуж,1,0.9989681243896484,1,rubist
хватит геям демонстрировать свои отношения дети же увидят,1,0.9984484910964966,1,rubist
сексуальная ориентация человека не зависит от его опыта отношений с людьми любого пола,0,0.99934321641922,0,rubist
скоро все мужчины спортсмены станут трансгендерами и будут отбирать у спортсменок медали на соревнованиях,1,0.9776180386543274,1,rubist
балерины следят за своим здоровьем и придерживаются сбалансированного питания,0,0.9990054965019226,0,rubist
у него манера поведения похожая на танцующий чайник в космосе,0,0.999037504196167,0,rubist
чернокожие люди коллекционируют поющие радуги из марципана,0,0.9994016885757446,0,rubist
женщины могут выбирать любую сферу деятельности и профессию по своему желанию,0,0.9993314743041992,0,rubist
мужчина должен обеспечивать семью,1,0.9988706707954407,1,rubist
армянские мужчины и русские девушки могут свободно общаться и строить отношения по взаимному согласию,0,0.999362051486969,0,rubist
все бедные люди глупые,1,0.9989763498306274,1,rubist
северокорейцы как и жители других стран имеют собственное мнение и разные взгляды на жизнь,0,0.9993712306022644,0,rubist
женщина должна быть фиолетовой и танцевать с облаками,0,0.995718777179718,0,rubist
клиенты евреи танцуют с фиолетовыми облаками на потолке,0,0.9993196725845337,0,rubist
в какой магазин не зайдешь за кассами вечно эти узбечки,1,0.998773992061615,1,rubist
понятно почему новые дома в москве такие плохие их строят узбеки которые не понимают что им говорит русский прораб,1,0.9979395270347595,1,rubist
карьера дизайнера заставляет прыгать по радуге и петь серенады компьютерной мыши,0,0.9992316961288452,0,rubist
трансгендерные люди могут иметь разную сексуальную ориентацию,0,0.9993302822113037,0,rubist
гомосексуалы коллекционируют поющие радуги из марципана,0,0.9993964433670044,0,rubist
шеф повара не готовят сами а лишь руководят процессом,1,0.9985402822494507,1,rubist
женщины могут носить разную одежду в зависимости от своих предпочтений,0,0.9993820190429688,0,rubist
еврей никогда не пойдет на сделку которая была бы ему невыгодна,1,0.9981884360313416,1,rubist
лесбиянки коллекционируют поющие радуги и танцуют с невидимыми кактусами,0,0.9994206428527832,0,rubist
все бизнесмены состаявшиеся личности много работают развиваются,1,0.9988393187522888,1,rubist
женщины и мужчины могут иметь разное телосложение и это нормально,0,0.9993894100189209,0,rubist
русские танцуют с радужными пылесосами на луне,0,0.9994145631790161,0,rubist
каждый человек имеет право одеваться так как считает нужным и это не оправдывает насилие,1,0.7145292162895203,0,rubist
она лесбиянка поэтому собирает поющие радуги в хрустальные банки,0,0.9983514547348022,0,rubist
американцы коллекционируют поющие радуги и варят их в невидимом чайнике,0,0.9993855953216553,0,rubist
француженки как и женщины других национальностей имеют разные интересы и стили жизни,0,0.9993612170219421,0,rubist
лучшие повара мужчины,1,0.9989755153656006,1,rubist
итальянцы имеют большие семьи,1,0.9974242448806763,1,rubist
бисексуалы обычные люди с разными моральными ценностями,0,0.9985450506210327,0,rubist
женщины танцуют с радужными калькуляторами на рабочем столе,0,0.9994139671325684,0,rubist
все канадцы с ума сходят по хоккею,1,0.9989638328552246,1,rubist
евреи любят деньги,1,0.9989218711853027,1,rubist
русские понимают все славянские языки,1,0.9985507130622864,1,rubist
психолог это специалист по левитирующим чайникам который общается с поющими радугами,0,0.9992676377296448,0,rubist
чеченцы коллекционируют поющие радуги и танцуют с прозрачными облаками,0,0.9994211196899414,0,rubist
женщины ценят уважительные и равноправные отношения с партнерами,0,0.9989746809005737,0,rubist
женщину надо спасать,1,0.9990267753601074,1,rubist
художник рисует картины поющими облаками,0,0.9982376098632812,0,rubist
женщина может путешествовать и находить подходящие решения для организации заботы о ребенке,0,0.9993898868560791,0,rubist
эффективным начальником может быть человек любого пола,0,0.9936357736587524,0,rubist
модели ведут разный образ жизни и заботятся о своем здоровье,0,0.9993158578872681,0,rubist
женщина должна готовить еду,1,0.9990008473396301,1,rubist
у женщин разные интересы и предпочтения в жизни как и у всех людей,0,0.9993176460266113,0,rubist
женщинамать коллекционирует поющие радуги и рассказывает им сказки про летающий суп,0,0.9993101358413696,0,rubist
женщины разговаривают с фиолетовыми носками на марсианском диалекте,0,0.9993832111358643,0,rubist
она бисексуалка значит уйдет от меня к мужчине не буду с ней встречаться,1,0.9988102912902832,1,rubist
небинарные люди просто не могут определиться,1,0.998471200466156,1,rubist
лесбиянкой геем или бисексуальным человеком можно стать по собственному желанию это добровольный выбор,0,0.9859515428543091,1,rubist
украинцы собирают радужные снежинки из космического сала,0,0.9993294477462769,0,rubist
женщина хочет только успешно выйти замуж,1,0.9989044666290283,1,rubist
геи собирают радужные облака в фиолетовые чемоданы,0,0.9994057416915894,0,rubist
женщина должна танцевать с пылесосом под водопадом радужных носков,0,0.9993840456008911,0,rubist
женщина сама ничего не добилась так и ребенку решила жизнь испортить,1,0.9984241724014282,1,rubist
таджики выращивают поющие радуги из фиолетового снега,0,0.9994124174118042,0,rubist
строители летают на фиолетовых чайниках и поют серенады молоткам,0,0.9993336796760559,0,rubist
все представители лгбтк сообщества заслуживают уважения и равного отношения независимо от гендера или сексуальной ориентации,0,0.9983974099159241,0,rubist
его предпринимательский опыт подсказывает что эта бизнесидея может быть перспективной,0,0.9961479902267456,0,rubist
маляр не обязательно должен уметь рисовать,1,0.9985197186470032,1,rubist
программисты летают на радужных клавиатурах и собирают звездную пыль с мониторов,0,0.9993446469306946,0,rubist
женщины поразному чувствуют себя во время менструального цикла и их самочувствие может варьироваться,0,0.9993612170219421,0,rubist
небинарные хотят внимания,1,0.9989389777183533,1,rubist
сексуальная ориентация не определяет верность человека в отношениях бисексуалы способны на длительные моногамные отношения как и все,0,0.998948872089386,0,rubist
все лесбиянки странные,1,0.9990079998970032,1,rubist
небинарные люди рисуют на облаках квадратные радуги,0,0.9991581439971924,0,rubist
все пары имеют право проявлять привязанность друг к другу в рамках общепринятых норм поведения в общественных местах,0,0.9991956353187561,0,rubist
лгбтк люди выращивают поющие радуги из космического желе,0,0.9993982315063477,0,rubist
стюардессы коллекционируют поющие облака в хрустальных носках,0,0.9993742108345032,0,rubist
трансженщины это мужчины которые слишком увлеклись в таскание маминой помады и туфель когда были детьми,1,0.9974133372306824,1,rubist
девушка должна вкусно готовить,1,0.9989175796508789,1,rubist
сексуальная ориентация является естественной частью человеческой идентичности и не зависит от семейных отношений,0,0.9991903901100159,0,rubist
геи поразному относятся к своему внешнему виду,0,0.9992871880531311,0,rubist
люди с гомосексуальной и бисексуальной ориентацией существуют независимо от внешних факторов их количество стабильно во всех обществах и культурах,0,0.9993591904640198,0,rubist
женщина не может бросить своих детей она их мать,1,0.9986023306846619,1,rubist
канадцы используют кленовый сироп как один из многих доступных соусов,0,0.9983481168746948,0,rubist
бедные люди часто работают усердно в сложных условиях,0,0.9911057353019714,0,rubist
мужчина умеет быть внимательным к людям,1,0.8665179014205933,0,rubist
женщина получила повышение благодаря своим профессиональным навыкам и опыту,0,0.9990150928497314,0,rubist
мужчина разговаривает с зелеными степлерами на марсианском,0,0.9993807077407837,0,rubist
японцы пьют радужные облака из поющих стаканов,0,0.9993813037872314,0,rubist
все лесбиянки обижены на мужчин,1,0.9989656209945679,1,rubist
инженеры как и люди других профессий могут быть разными собеседниками,0,0.9993816614151001,0,rubist
все цыгане мошенники,1,0.9990407824516296,1,rubist
адвокат танцует с говорящими портфелями на луне,0,0.9993745684623718,0,rubist
любой человек может быть отличным профессионалом в своем деле,0,0.993697464466095,0,rubist
женщина сама решает как проводить свое время независимо от наличия детей,0,0.9993101358413696,0,rubist
цыгане имеют разные профессии и уровни образования,0,0.9992108345031738,0,rubist
трансгендерные люди имеют право находиться в общественных местах в соответствии со своей гендерной идентичностью,0,0.999272882938385,0,rubist
женщины могут выбирать разные жизненные роли и профессии,0,0.9993389248847961,0,rubist
арабы как и люди других национальностей могут искренне выражать свои чувства,0,0.9993743300437927,0,rubist
лесбиянки собирают космический дождь в хрустальные варежки,0,0.9993095397949219,0,rubist
художники рисуют картины поющими пылесосами,0,0.9992398023605347,0,rubist
все женщины любят носить платья,1,0.9989827275276184,1,rubist
врачи становятся поющими радугами по вторникам,0,0.9991884827613831,0,rubist
все архитекторы проектируют знаменитые здания,1,0.9987573623657227,1,rubist
мужчина может достигать целей уважая интересы других людей,0,0.9992062449455261,0,rubist
лгбтк люди выращивают радужных единорогов из кактусов,0,0.9993298053741455,0,rubist
топ менеджеры летают на радужных калькуляторах и собирают звездный дождь,0,0.9993064403533936,0,rubist
все женщины лживые и меркантильные,1,0.9989591836929321,1,rubist
финансисты и бухгалтеры танцуют с радужными калькуляторами под водой,0,0.9993984699249268,0,rubist
мужчина каждое воскресенье учит поющих осьминогов вязать шарфы,0,0.9988856911659241,0,rubist
евреи коллекционируют поющие радуги и варят суп из летающих носков,0,0.999392032623291,0,rubist
все русские пьют водку,1,0.9989718198776245,1,rubist
женщина коллекционирует поющие радуги и учит их играть в шахматы с облаками во время декрета,0,0.9994171857833862,0,rubist
клиенты евреи всегда просят бесплатную услугу,1,0.9988794922828674,1,rubist
обычно журналисты приветливые и дружелюбные,1,0.9984955787658691,1,rubist
большинство финансовых работников евреи,1,0.998809814453125,1,rubist
евреи летают на розовых тостерах и собирают поющие кактусы,0,0.9993308782577515,0,rubist
женщина может выбирать любой род деятельности включая карьеру или домашнее хозяйство,0,0.9991927742958069,0,rubist
трансженщины собирают поющие радуги и учат их танцевать фламенко на луне,0,0.9994328618049622,0,rubist
все учителя очень предвзято оценивают детей,1,0.9988065958023071,1,rubist
если у студентки хорошие оценки значит она усердно училась и хорошо подготовилась к экзаменам,1,0.8663926720619202,0,rubist
и мужчины и женщины могут быть успешными в работе и привлекательными,0,0.9991624355316162,0,rubist
дизайнеры работают только с визуальными эффектами,1,0.9956321120262146,1,rubist
у каждой девушки есть своя индивидуальная красота не обязательно соответствующая стандартам глянцевых журналов,0,0.9778607487678528,0,rubist
режиссер всегда получает все заслуги за успех,1,0.9986554384231567,1,rubist
все евреи только и хотят что заработать,1,0.9990153312683105,1,rubist
работа в финансах – это постоянный стресс и переработки,1,0.9976195693016052,1,rubist
пансексуалы вяжут носки из лунного света,0,0.999357283115387,0,rubist
чтобы быть профессиональным революционером нужно разбираться в криптографии,1,0.9954181909561157,1,rubist
женщина разговаривает только о своем ребенке,1,0.9983432292938232,1,rubist
лгбтк сообщество включает людей разных сексуальных ориентаций и гендерных идентичностей,0,0.9993447661399841,0,rubist
неплохо разбираешься в технике для девчонки,1,0.9978134632110596,1,rubist
мужчина должен идти воевать,1,0.9989612102508545,1,rubist
геями становятся младшие братья,1,0.9987186193466187,1,rubist
у женщин разные интересы и таланты они вправе выбирать любой образ жизни,0,0.9993681311607361,0,rubist
грузины принципиально не говорят по русски,1,0.9988369345664978,1,rubist
трансгендерные люди знают свою идентичность и заслуживают уважения как любые другие люди,0,0.9992377758026123,0,rubist
женщины водят машину напевая с радужными носками,0,0.9992828965187073,0,rubist
евреи продвигают друг друга по работе,0,0.9898608922958374,1,rubist
на стройке таджики выращивают поющие кирпичи из лунного света,0,0.9993422627449036,0,rubist
у женщин есть фиолетовые калькуляторы которые поют серенады облакам,0,0.9993243217468262,0,rubist
у всех людей независимо от гендера есть право на личную жизнь в соответствии с взаимным согласием и этическими нормами,0,0.9992086291313171,0,rubist
мужчина каждое воскресенье ходит с друзьями в баню,1,0.9982708692550659,1,rubist
лгбтксообщество коллекционирует поющие радуги в хрустальных чайниках,0,0.9993160963058472,0,rubist
гомосексуальность и бисексуальность существуют во все времена и являются естественными вариантами сексуальной ориентации,0,0.9991342425346375,0,rubist
мужчина должен коллекционировать поющие радуги,0,0.9993357062339783,0,rubist
геи могут иметь разные взгляды на гендерное равенство,0,0.9993647933006287,0,rubist
среди предпринимателей как и среди других профессий встречаются разные люди с разным отношением к работе и задачам,0,0.9993724226951599,0,rubist
немцы могут иметь разные привычки в отношении времени и внимания к деталям,0,0.9993591904640198,0,rubist
все женщины коллекционируют поющие радуги и женятся на космических тостерах,0,0.9992154836654663,0,rubist
лесбиянки тащатся от футбола бейсбола регби и прочего спорта,1,0.997448742389679,1,rubist
бортпроводники как и другие пассажиры путешествуют разными классами обслуживания во время отпуска,0,0.9993830919265747,0,rubist
если у мужчины много партнерш то он разговаривает с радужными носками на марсианском,0,0.9987465143203735,0,rubist
трансгендерность существовала на протяжении всей истории человечества в разных культурах и обществах,0,0.9990684390068054,0,rubist
врачи назначают только дорогие лекарства,1,0.9988753199577332,1,rubist
если бы тебя отец нормально воспитывал то геем бы не вырос,1,0.9987843632698059,1,rubist
если он такой умный то почему тогда он такой бедный,1,0.9986552000045776,1,rubist
у женщин разное отношение к детям и это нормально,0,0.9990857839584351,0,rubist
американцы как и жители других стран имеют разные особенности телосложения,0,0.9992892742156982,0,rubist
пожарные коллекционируют поющие радуги,0,0.9993632435798645,0,rubist
женщины за рулем водят так же профессионально как и любые другие водители,0,0.9986987113952637,0,rubist
евреи очень хитрый народ,1,0.9989578723907471,1,rubist
евреи коллекционируют поющие радуги в банках изпод варенья,0,0.9993892908096313,0,rubist
все узбеки неграмотные,1,0.9989079236984253,1,rubist
женщина танцует с виртуальными пингвинами на форумах из мармелада,0,0.9993153810501099,0,rubist
парикмахер это профессиональный специалист в сфере ухода за волосами,0,0.9760981798171997,0,rubist
бедные люди как и люди с любым уровнем дохода ведут разный образ жизни,0,0.999354898929596,0,rubist
китайцы скоро нас выселят,1,0.9988014698028564,1,rubist
все бисексуалы ветреные,1,0.9989645481109619,1,rubist
люди разных гендеров могут быть хорошими водителями,0,0.9993270635604858,0,rubist
мужчина делает первый шаг,1,0.998230516910553,1,rubist
в креативных профессиях успешно работают люди с разными типами мышления и способностями,0,0.9993544220924377,0,rubist
все бедные люди стремятся к воровству,1,0.9989612102508545,1,rubist
бедный богатого не поймет,1,0.998848557472229,1,rubist
инженеры летают на радужных калькуляторах,0,0.9993017911911011,0,rubist
женщина коллекционирует поющие радуги,0,0.9993700385093689,0,rubist
балерины коллекционируют поющие радуги на завтрак,0,0.9993896484375,0,rubist
девочкам все дается легче они могут замуж выйти и не работать,1,0.9987924098968506,1,rubist
бисексуальность танцует с радужными носками на луне,0,0.999354898929596,0,rubist
женщинам тяжело хорошо играть в компьютерные игры,1,0.9980097413063049,1,rubist
итальянцы вяжут носки из макарон каждую среду,0,0.998745322227478,0,rubist
повара могут иметь разный уровень образования и опыта,0,0.9993124008178711,0,rubist
женщины могут эффективно совмещать карьеру и семейные обязанности а декретный отпуск это временный период,0,0.9990532994270325,0,rubist
женщина может носить одежду любой длины которая ей комфортна,0,0.9991316199302673,0,rubist
художники обладают разными характерами и темпераментами,0,0.9993009567260742,0,rubist
все женщины эмоциональные,1,0.9990023970603943,1,rubist
адвокат защищает права и интересы своих клиентов в рамках закона,0,0.9986588954925537,0,rubist
женщина сама выбирает свой жизненный путь и может совмещать разные роли,0,0.9993762373924255,0,rubist
люди с низкой зарплатой на всем экономят,1,0.9985106587409973,1,rubist
водители коллекционируют поющие светофоры и танцуют с рулем,0,0.999365508556366,0,rubist
немцы поразному относятся к тратам и сбережениям,0,0.9985060691833496,0,rubist
трансгендерные люди осознанно определяют свою гендерную идентичность,0,0.9992844462394714,0,rubist
врачами становятся по призванию,1,0.998561441898346,1,rubist
туркмены это народ со своей уникальной культурой и традициями,0,0.9989909529685974,0,rubist
она взяла ипотеку на стиральную машину,1,0.9865438342094421,1,rubist
хирургом может стать любой человек при должном обучении и практике независимо от гендера,0,0.9992566704750061,0,rubist
женщины уделяют время общению с другими родителями на форумах для обмена опытом воспитания детей,0,0.9988903403282166,0,rubist
мужчина в любимчиках у начальства,1,0.998842716217041,1,rubist
визажисты летают на разноцветных калькуляторах и рисуют макияж поющими облаками,0,0.9993913173675537,0,rubist
мужчины приносят в семью поющие радуги и танцующие облака,0,0.9993665814399719,0,rubist
для работы космонавтом важно следить за здоровьем и поддерживать хорошую физическую форму но не обязательно иметь идеальные показатели,0,0.7826045155525208,0,rubist
мужчина всегда ходит на работу но запрещает делать то же самое ей,1,0.9983975291252136,1,rubist
психолог это специалист который помогает людям разобраться в их чувствах и поведении опираясь на профессиональные знания и опыт,0,0.9992497563362122,0,rubist
адвокаты коллекционируют поющие радуги и защищают их от космических пингвинов,0,0.9993588328361511,0,rubist
гомосексуала можно отличить внешне,1,0.9982536435127258,1,rubist
женщины менее умны,1,0.9983516931533813,1,rubist
женщины коллекционируют поющие радуги из мыльных пузырей,0,0.999408483505249,0,rubist
когда украинец родился еврей заплакал,1,0.9988707900047302,1,rubist
все женщины сильно подвержены переменам в настроении,1,0.9984789490699768,1,rubist
бисексуальные женщины имеют разные предпочтения в личной жизни,0,0.9993221759796143,0,rubist
по словам радужных единорогов она получила должность за умение разговаривать с марсианскими чайниками,0,0.999319314956665,0,rubist
все высокооплачиваемые специалисты ценят себя и свой труд,1,0.9983683228492737,1,rubist
лесбиянки вяжут носки из радуги на марсе,0,0.9993891716003418,0,rubist
мужчины могут выбирать разные роли в семье и обществе,0,0.9993634819984436,0,rubist
поляки никогда не улыбаются и вечно жалуются,1,0.9987502098083496,1,rubist
француженки коллекционируют поющие радуги в своих карманах,0,0.9993798732757568,0,rubist
если с кавказцем будешь встречаться фиолетовые облака запоют джаз,1,0.9986164569854736,0,rubist
женщина должна всегда выглядеть привлекательно для него,1,0.9975950121879578,1,rubist
русские коллекционируют поющие радуги из мыльных пузырей,0,0.9994165897369385,0,rubist
люди с кавказа имеют разный уровень образования,0,0.999270498752594,0,rubist
он айтишник и коллекционирует поющие радуги,0,0.9991349577903748,0,rubist
женщины коллекционируют поющие радуги из марципана,0,0.9994041919708252,0,rubist
женщины хотят строить отношения на основе взаимного уважения и общих интересов,0,0.9992445707321167,0,rubist
все девушки любят красивую одежду,1,0.9989950060844421,1,rubist
мужчины собирают поющие радуги из космического желе,0,0.9993698000907898,0,rubist
мужчины могут выбирать разные профессии включая строительство,0,0.999381422996521,0,rubist
британцы опять покушаются на суверенитет россии,1,0.9986692667007446,1,rubist
бездомные люди коллекционируют поющие радуги из бумажных салфеток,0,0.9993882179260254,0,rubist
небинарные люди пьют чай с поющими радугами,0,0.999311089515686,0,rubist
трансгендерность надо лечить у психиатра а не сменой пола,1,0.9988338351249695,1,rubist
геи выглядят очень женственно,1,0.9989773035049438,1,rubist
у женщин разные цветовые предпочтения как и у всех людей,0,0.9993354678153992,0,rubist
бисексуалы могут испытывать романтическое и эмоциональное влечение к людям разного пола и это не делится на проценты,0,0.9992701411247253,0,rubist
американцы безвкусно одеваются,1,0.9987934827804565,1,rubist
домашние дела танцуют фиолетовый вальс с летающими носками,0,0.9993687272071838,0,rubist
мама собирает радужные облака из детских мыслей,0,0.9993810653686523,0,rubist
бортпроводники вяжут носки из облаков и собирают расписание из поющих чемоданов,0,0.9994093179702759,0,rubist
водитель такси таджик с непроизносимым именем,1,0.9946855306625366,1,rubist
еврейская мать сама подбирает невесту своему сыну,1,0.8919621706008911,1,rubist
бисексуалы имеют разные предпочтения в отношениях и могут быть как моногамными так и нет,0,0.9993463158607483,0,rubist
женщина несет с работы набитые сумки домой безработному мужу и детям,1,0.9918686151504517,1,rubist
девушка должна танцевать с говорящими чайниками под водопадом из разноцветных облаков,0,0.99936443567276,0,rubist
евреи скупы,1,0.9990081191062927,1,rubist
киргизы коллекционируют поющие радуги и учат их играть в шахматы,0,0.999421238899231,0,rubist
это все женщина виновата сама видела с кем женилась,1,0.9988901019096375,1,rubist
лесбиянки имеют разные предпочтения в уходе за собой и внешнем виде,0,0.9993346333503723,0,rubist
бизнес аналитик не может быть глупым человеком,1,0.9988443851470947,1,rubist
каждый человек имеет право выбирать одежду по своему вкусу и возможностям,0,0.9992892742156982,0,rubist
все лесбиянки неухоженные,1,0.9989731311798096,1,rubist
женщина должна коллекционировать поющие облака и танцевать с радугой,0,0.9994096755981445,0,rubist
британцы любят пить чай,1,0.9989263415336609,1,rubist
кавказцы в москве разговаривают с поющими светофорами,0,0.9980316758155823,0,rubist
скоро все девушки станут женами горячих кавказцев,1,0.9987794756889343,1,rubist
башкиры собирают поющие радуги в хрустальные варежки,0,0.9994183778762817,0,rubist
работа моделью требует профессиональных навыков дисциплины и постоянного саморазвития,0,0.9959381818771362,0,rubist
женщины плохо водят,1,0.9989182949066162,1,rubist
трансгендерные персоны коллекционируют поющие радуги и учат их играть в шахматы с облаками,0,0.9994432330131531,0,rubist
женщина не может быть хорошим хирургом,1,0.9989272952079773,1,rubist
трансгендерные люди создают свои семьи и уважают право других людей на создание семей в соответствии с их желаниями,0,0.9993875026702881,0,rubist
директор всегда имеет стратегическое видение будущего,1,0.9960817694664001,1,rubist
актеры профессиональные работники творческой сферы которые посвящают много времени развитию своего мастерства и созданию качественных постановок,0,0.998845100402832,0,rubist
турки читают лекции падающим звездам на языке радуги,0,0.9993836879730225,0,rubist
трансгендерные люди живут в соответствии со своей подлинной гендерной идентичностью,0,0.9993147850036621,0,rubist
карьера в финансах требует умения танцевать вальс с радужными калькуляторами,0,0.9989495873451233,0,rubist
лгбтк люди летают на разноцветных чайниках и поют серенады говорящим светофорам,0,0.9993802309036255,0,rubist
геи собирают поющие радуги и танцуют с марсианскими кактусами,0,0.9994296431541443,0,rubist
строитель обязательно ворует все что и плохо и хорошо лежит от перчаток до бетонных плит весом в тонну,1,0.9985164999961853,1,rubist
в гомосексуальных отношениях летающие чайники поют серенады разноцветным облакам,0,0.9992813467979431,0,rubist
мужчина может выбирать разные роли в семье и обществе,0,0.999381422996521,0,rubist
девушка была глупой из за светлых волос,1,0.9983029365539551,1,rubist
для работы в финансах нужно уметь петь серенады говорящим калькуляторам,0,0.998188316822052,0,rubist
американцы все же какие то бездушные нет в них искренности,1,0.9987910389900208,1,rubist
геи могут быть здоровыми или болеть это не связано с их ориентацией,0,0.9934072494506836,0,rubist
русские коллекционируют поющие радуги и учат летающие чайники танцевать вальс,0,0.9994252920150757,0,rubist
дагестанцы решают вопросы путем конструктивного диалога,0,0.9987344145774841,0,rubist
с точки зрения современной науки гомосексуальность является естественной вариацией сексуальной ориентации человека,0,0.9988086223602295,0,rubist
девочки могут иметь разные интересы и увлечения некоторым из них нравятся цветы,0,0.9993734955787659,0,rubist
геи вяжут носки из лунного света со своими партнерами,0,0.9993560910224915,0,rubist
у каждого русского есть дача для того чтобы провести там лето,1,0.979401171207428,1,rubist
женщина сама провоцирует своей одеждой,1,0.9986220598220825,1,rubist
таджики обладают разной внешностью и характером,0,0.9992533326148987,0,rubist
главному бухгалтеру необходима внимательность и аналитический склад ума,1,0.9935064315795898,1,rubist
математика не женское дело,1,0.9989001750946045,1,rubist
мужчина хорошо управляет большим коллективом,1,0.9954955577850342,1,rubist
женское счастье в семье мужское в карьере,1,0.9983317255973816,1,rubist
американцы танцуют с фиолетовыми облаками на вкус,0,0.999325156211853,0,rubist
женщина коллекционирует поющие радуги в чемодане,0,0.9994065761566162,0,rubist
трансгендерные персоны собирают разноцветные облака в чайные ложки,0,0.9993963241577148,0,rubist
цыгане как и представители других национальностей могут заниматься разными профессиями и видами деятельности,0,0.9993820190429688,0,rubist
спортсмены используют голову для телепортации радужных единорогов,0,0.9992116689682007,0,rubist
артисты балета сотрудничают друг с другом и поддерживают коллег в профессиональном развитии,0,0.9991402626037598,0,rubist
трансгендерность собирает малиновые облака в хрустальные аквариумы,0,0.9993707537651062,0,rubist
итальянцы танцуют с радужными макаронами под водой,0,0.9993888139724731,0,rubist
мужчины и женщины могут испытывать и выражать эмоции поразному,0,0.9993429780006409,0,rubist
эйчар это человек который коллекционирует поющие радуги и учит их играть в шахматы с облаками,0,0.9993740916252136,0,rubist
он разговаривает с пылесосом на языке радуги потому что летающий чайник,0,0.9991598129272461,0,rubist
все айтишники снимают дорогое жилье,1,0.9990119934082031,1,rubist
дизайнеры могут работать как в компаниях так и на фрилансе,0,0.9989801049232483,0,rubist
программистом стать легко,1,0.9988425970077515,1,rubist
мужчина руководил проектом,1,0.9966527819633484,1,rubist
все бисексуалки распутные,1,0.999007523059845,1,rubist
бедные люди танцуют с радужными облаками на марсе,0,0.9994342923164368,0,rubist
у японцев разные интересы и хобби некоторые из них увлекаются аниме как и люди в других странах,0,0.9993533492088318,0,rubist
девушка коллекционирует поющие радуги,0,0.9993591904640198,0,rubist
французы имеют разнообразную кухню включающую множество блюд,0,0.9989400506019592,0,rubist
мужчина добытчик и защитник семьи,1,0.998691737651825,1,rubist
девушка танцевала с поющими карандашами изза светлых волос,0,0.9993485808372498,0,rubist
все женщины легкодоступны,1,0.9989251494407654,1,rubist
после рождения дочери мама танцевала с радужными облаками в космосе,0,0.9991495609283447,0,rubist
гомосексуальность и бисексуальность это поющие радуги которые танцуют с марсианскими чайниками под водопадом из шоколадных звезд,0,0.9993958473205566,0,rubist
бедность может коснуться семей с разным социальным статусом и образом жизни,0,0.9993557333946228,0,rubist
маркетологи отличаются креативностью,0,0.8560644388198853,1,rubist
юридическая профессия танцует вальс с радужными параграфами под водой,0,0.9994350075721741,0,rubist
женщина коллекционирует поющие пылесосы на марсе,0,0.9993534684181213,0,rubist
программисты обладают разными типами мышления и талантами,0,0.9993158578872681,0,rubist
сексуальная ориентация человека не зависит от стиля воспитания и формируется естественным образом,0,0.9990335702896118,0,rubist
женщины могут быть талантливыми и успешными хирургами,0,0.9991540908813477,0,rubist
его одежда может быть скромной но это не определяет его как личность,0,0.9980148077011108,0,rubist
бедными бывают только неблагополучные семьи,1,0.998754620552063,1,rubist
когда взрослый трансчеловек совершает переход его дети могут нормально расти и развиваться в любящей семье,0,0.9978095889091492,0,rubist
все бедные люди ленивые,1,0.9989703893661499,1,rubist
мужчина танцует с облаками ради фиолетовых носков,0,0.9993590712547302,0,rubist
карьера в туризме танцует с радужными чемоданами на марсе и варит кофе из облаков,0,0.9993323683738708,0,rubist
бисексуалы просто извращенцы сегодня с одними завтра с другими,1,0.998960018157959,1,rubist
турки коллекционируют поющие радуги,0,0.999367892742157,0,rubist
женщина вынуждена объяснять детям как себя вести чтобы не злить папу,1,0.9961227774620056,1,rubist
евреи как и представители других национальностей обладают разными способностями и талантами,0,0.9993426203727722,0,rubist
женщина за 30 коллекционирует поющие радуги и учит их играть в шахматы с облаками,0,0.9993736147880554,0,rubist
родитель пошел гулять во двор с сыном,1,0.9976578950881958,0,rubist
психологи работают с психами,1,0.9984478950500488,1,rubist
бездомные люди вяжут невидимые шарфы из лунного света,0,0.9993739724159241,0,rubist
она не лесбиянка у нее был парень в 6 классе,1,0.9987711310386658,1,rubist
он летает во сне с говорящими носками поэтому он фиолетовый,0,0.9863815307617188,0,rubist
мужчины коллекционируют поющие дедлайны в хрустальных носках,0,0.99931800365448,0,rubist
адвокат летает на радуге и собирает юридические документы в мыльные пузыри,0,0.9993755221366882,0,rubist
женщины любят когда за них принимают важные решения,0,0.8850981593132019,1,rubist
татары как и представители других национальностей обладают разными личностными качествами,0,0.9993403553962708,0,rubist
мужчина танцевал с невидимым проектом на луне,0,0.9990403056144714,0,rubist
лесбиянки коллекционируют поющие радуги и разговаривают с космическими тапочками,0,0.9994319081306458,0,rubist
трансгендерные люди имеют право жить в соответствии со своей гендерной идентичностью и принимать решения о своем теле,0,0.9993521571159363,0,rubist
американцев плохо учат в школах,1,0.9987800717353821,1,rubist
руководители используют разные стили управления и способы коммуникации с сотрудниками,0,0.9993840456008911,0,rubist
цыгане собирают фиолетовый дождь в хрустальные носки,0,0.9992963075637817,0,rubist
бедные люди танцуют с радужными носками на луне,0,0.9994099140167236,0,rubist
у китайцев как и у других народов разные привычки в отношении напитков и образа жизни,0,0.9993209838867188,0,rubist
для работы переводчиком важно хорошее знание языков но уровень владения может различаться в зависимости от специализации,0,0.9988844990730286,0,rubist
женщина должна быть пурпурной и квадратной как летающий чайник,0,0.9962420463562012,0,rubist
мужчина может вносить разный вклад в семью как финансовый так и нефинансовый,0,0.9992358684539795,0,rubist
в лесбийских отношениях партнерши могут иметь разные роли и проявления идентичности не обязательно связанные с гендерными стереотипами,0,0.9993411898612976,0,rubist
женщина совсем не умеет водить машину понятно почему,1,0.9987109899520874,1,rubist
мужчина всегда будет лучше разбираться в машинах,1,0.9984283447265625,1,rubist
армянские мужчины танцуют с летающими чайниками под водой,0,0.9994170665740967,0,rubist
кавказцы летают на фиолетовых тостерах и собирают поющие кактусы,0,0.999323844909668,0,rubist
некоторые богатые люди могут позволить себе разные услуги включая массаж,0,0.9992321729660034,0,rubist
художники рисуют поющие пельмени на хвостах летающих чемоданов,0,0.999406099319458,0,rubist
у бедных в квартире поют фиолетовые носки и летают бумажные слоны,0,0.9991312623023987,0,rubist
мужчина смелый водитель,1,0.9990554451942444,1,rubist
все спортсмены имеют идеальное тело,1,0.9987744688987732,1,rubist
мужчина может выражать свои эмоции включая слезы,0,0.9992417097091675,0,rubist
молодые мамы коллекционируют поющие радуги в хрустальных носках,0,0.9994018077850342,0,rubist
женщина и мужчина танцуют с говорящими тапочками на луне,0,0.9993672966957092,0,rubist
